-- Supabase Complete Realistic Indian Seed Script
-- Passwords for ALL accounts: 1029384756

DELETE FROM public.notifications;
DELETE FROM public.deals;
DELETE FROM public.campaigns;
DELETE FROM public.influencer_profiles;
DELETE FROM public.users;
DELETE FROM auth.users;

INSERT INTO auth.users (id, instance_id, aud, role, email, encrypted_password, email_confirmed_at, raw_app_meta_data, raw_user_meta_data, created_at, updated_at, confirmation_token, email_change, email_change_token_new, recovery_token) VALUES
('d277ea42-a61d-4de0-b801-f4186993360b', '00000000-0000-0000-0000-000000000000', 'authenticated', 'authenticated', 'ananya.sharma@creator.in', crypt('1029384756', gen_salt('bf')), NOW(), '{"provider": "email", "providers": ["email"]}', '{"name": "Ananya Sharma", "role": "influencer"}', NOW(), NOW(), '', '', '', ''),
('8e273702-06b4-4f95-a662-cca210bfc512', '00000000-0000-0000-0000-000000000000', 'authenticated', 'authenticated', 'rahul.patel@creator.in', crypt('1029384756', gen_salt('bf')), NOW(), '{"provider": "email", "providers": ["email"]}', '{"name": "Rahul Patel", "role": "influencer"}', NOW(), NOW(), '', '', '', ''),
('fce00ad6-23d6-447d-b981-c0c527a7936d', '00000000-0000-0000-0000-000000000000', 'authenticated', 'authenticated', 'priya.desai@creator.in', crypt('1029384756', gen_salt('bf')), NOW(), '{"provider": "email", "providers": ["email"]}', '{"name": "Priya Desai", "role": "influencer"}', NOW(), NOW(), '', '', '', ''),
('156d989f-4a44-47fd-811f-cb4f6e89939c', '00000000-0000-0000-0000-000000000000', 'authenticated', 'authenticated', 'vikram.singh@creator.in', crypt('1029384756', gen_salt('bf')), NOW(), '{"provider": "email", "providers": ["email"]}', '{"name": "Vikram Singh", "role": "influencer"}', NOW(), NOW(), '', '', '', ''),
('a462a084-5436-46c3-ad30-99d17bc4b510', '00000000-0000-0000-0000-000000000000', 'authenticated', 'authenticated', 'sneha.reddy@creator.in', crypt('1029384756', gen_salt('bf')), NOW(), '{"provider": "email", "providers": ["email"]}', '{"name": "Sneha Reddy", "role": "influencer"}', NOW(), NOW(), '', '', '', ''),
('92114f0f-a5d5-4771-94b9-db1fa6e7e968', '00000000-0000-0000-0000-000000000000', 'authenticated', 'authenticated', 'rohan.kapoor@creator.in', crypt('1029384756', gen_salt('bf')), NOW(), '{"provider": "email", "providers": ["email"]}', '{"name": "Rohan Kapoor", "role": "influencer"}', NOW(), NOW(), '', '', '', ''),
('f8c04b71-32a7-4257-9f7d-481991fc68fa', '00000000-0000-0000-0000-000000000000', 'authenticated', 'authenticated', 'neha.gupta@creator.in', crypt('1029384756', gen_salt('bf')), NOW(), '{"provider": "email", "providers": ["email"]}', '{"name": "Neha Gupta", "role": "influencer"}', NOW(), NOW(), '', '', '', ''),
('0dd56f33-97de-417d-af9e-a6786be16be7', '00000000-0000-0000-0000-000000000000', 'authenticated', 'authenticated', 'aditya.joshi@creator.in', crypt('1029384756', gen_salt('bf')), NOW(), '{"provider": "email", "providers": ["email"]}', '{"name": "Aditya Joshi", "role": "influencer"}', NOW(), NOW(), '', '', '', ''),
('0ed3a895-a61b-4eca-9619-29da47d36f75', '00000000-0000-0000-0000-000000000000', 'authenticated', 'authenticated', 'kavya.iyer@creator.in', crypt('1029384756', gen_salt('bf')), NOW(), '{"provider": "email", "providers": ["email"]}', '{"name": "Kavya Iyer", "role": "influencer"}', NOW(), NOW(), '', '', '', ''),
('440e23ed-d54a-46a6-9f54-55b6e071bcf4', '00000000-0000-0000-0000-000000000000', 'authenticated', 'authenticated', 'siddharth.verma@creator.in', crypt('1029384756', gen_salt('bf')), NOW(), '{"provider": "email", "providers": ["email"]}', '{"name": "Siddharth Verma", "role": "influencer"}', NOW(), NOW(), '', '', '', ''),
('b20c5381-9e88-4bab-9155-368a43f34ae6', '00000000-0000-0000-0000-000000000000', 'authenticated', 'authenticated', 'pooja.mehta@creator.in', crypt('1029384756', gen_salt('bf')), NOW(), '{"provider": "email", "providers": ["email"]}', '{"name": "Pooja Mehta", "role": "influencer"}', NOW(), NOW(), '', '', '', ''),
('a7579551-8b7c-4c24-905a-8f17a75cfcfd', '00000000-0000-0000-0000-000000000000', 'authenticated', 'authenticated', 'aryan.choudhury@creator.in', crypt('1029384756', gen_salt('bf')), NOW(), '{"provider": "email", "providers": ["email"]}', '{"name": "Aryan Choudhury", "role": "influencer"}', NOW(), NOW(), '', '', '', ''),
('9067c59c-5352-4e4d-8a71-f3da627d0cf9', '00000000-0000-0000-0000-000000000000', 'authenticated', 'authenticated', 'riya.rao@creator.in', crypt('1029384756', gen_salt('bf')), NOW(), '{"provider": "email", "providers": ["email"]}', '{"name": "Riya Rao", "role": "influencer"}', NOW(), NOW(), '', '', '', ''),
('d36d9eec-14de-4281-b84f-f6648ba5cae1', '00000000-0000-0000-0000-000000000000', 'authenticated', 'authenticated', 'karan.malhotra@creator.in', crypt('1029384756', gen_salt('bf')), NOW(), '{"provider": "email", "providers": ["email"]}', '{"name": "Karan Malhotra", "role": "influencer"}', NOW(), NOW(), '', '', '', ''),
('97213f80-f56c-4633-9388-2431da4cf789', '00000000-0000-0000-0000-000000000000', 'authenticated', 'authenticated', 'meera.nair@creator.in', crypt('1029384756', gen_salt('bf')), NOW(), '{"provider": "email", "providers": ["email"]}', '{"name": "Meera Nair", "role": "influencer"}', NOW(), NOW(), '', '', '', ''),
('d8aab8e8-038e-48c1-a520-3a535e38d6e7', '00000000-0000-0000-0000-000000000000', 'authenticated', 'authenticated', 'yash.agarwal@creator.in', crypt('1029384756', gen_salt('bf')), NOW(), '{"provider": "email", "providers": ["email"]}', '{"name": "Yash Agarwal", "role": "influencer"}', NOW(), NOW(), '', '', '', ''),
('a4687bf0-975a-40f2-91a3-33556e841e43', '00000000-0000-0000-0000-000000000000', 'authenticated', 'authenticated', 'anjali.menon@creator.in', crypt('1029384756', gen_salt('bf')), NOW(), '{"provider": "email", "providers": ["email"]}', '{"name": "Anjali Menon", "role": "influencer"}', NOW(), NOW(), '', '', '', ''),
('65011dfd-b5c9-4488-9ab0-cbc8b80f4a79', '00000000-0000-0000-0000-000000000000', 'authenticated', 'authenticated', 'dev.sharma@creator.in', crypt('1029384756', gen_salt('bf')), NOW(), '{"provider": "email", "providers": ["email"]}', '{"name": "Dev Sharma", "role": "influencer"}', NOW(), NOW(), '', '', '', ''),
('869cf921-e9ca-439e-8b6c-792f80a89070', '00000000-0000-0000-0000-000000000000', 'authenticated', 'authenticated', 'ishita.bansal@creator.in', crypt('1029384756', gen_salt('bf')), NOW(), '{"provider": "email", "providers": ["email"]}', '{"name": "Ishita Bansal", "role": "influencer"}', NOW(), NOW(), '', '', '', ''),
('9fa4ebc8-80fb-468a-95af-c3c477e403a8', '00000000-0000-0000-0000-000000000000', 'authenticated', 'authenticated', 'kabir.das@creator.in', crypt('1029384756', gen_salt('bf')), NOW(), '{"provider": "email", "providers": ["email"]}', '{"name": "Kabir Das", "role": "influencer"}', NOW(), NOW(), '', '', '', ''),
('32fc23b1-d322-4a30-954b-64eead82715a', '00000000-0000-0000-0000-000000000000', 'authenticated', 'authenticated', 'marketing@nykaa.in', crypt('1029384756', gen_salt('bf')), NOW(), '{"provider": "email", "providers": ["email"]}', '{"name": "Nykaa", "role": "brand"}', NOW(), NOW(), '', '', '', ''),
('f96d93aa-2875-4a1a-8aee-078c5e33d47c', '00000000-0000-0000-0000-000000000000', 'authenticated', 'authenticated', 'marketing@zomato.in', crypt('1029384756', gen_salt('bf')), NOW(), '{"provider": "email", "providers": ["email"]}', '{"name": "Zomato", "role": "brand"}', NOW(), NOW(), '', '', '', ''),
('54ae562e-c0b8-412d-bf21-e2e74f6129a1', '00000000-0000-0000-0000-000000000000', 'authenticated', 'authenticated', 'marketing@myntra.in', crypt('1029384756', gen_salt('bf')), NOW(), '{"provider": "email", "providers": ["email"]}', '{"name": "Myntra", "role": "brand"}', NOW(), NOW(), '', '', '', ''),
('9191fb88-96a1-465c-9804-00340a9b7dc8', '00000000-0000-0000-0000-000000000000', 'authenticated', 'authenticated', 'marketing@lenskart.in', crypt('1029384756', gen_salt('bf')), NOW(), '{"provider": "email", "providers": ["email"]}', '{"name": "Lenskart", "role": "brand"}', NOW(), NOW(), '', '', '', ''),
('a32ce795-5d2a-4ab7-aa60-2be0459207c5', '00000000-0000-0000-0000-000000000000', 'authenticated', 'authenticated', 'marketing@boat.in', crypt('1029384756', gen_salt('bf')), NOW(), '{"provider": "email", "providers": ["email"]}', '{"name": "boAt", "role": "brand"}', NOW(), NOW(), '', '', '', ''),
('23e31e9c-8d97-41b0-9110-30e0fccaf1a0', '00000000-0000-0000-0000-000000000000', 'authenticated', 'authenticated', 'marketing@mamaearth.in', crypt('1029384756', gen_salt('bf')), NOW(), '{"provider": "email", "providers": ["email"]}', '{"name": "Mamaearth", "role": "brand"}', NOW(), NOW(), '', '', '', ''),
('11918cdb-14c1-4f13-b91f-e621db443fbe', '00000000-0000-0000-0000-000000000000', 'authenticated', 'authenticated', 'marketing@swiggy.in', crypt('1029384756', gen_salt('bf')), NOW(), '{"provider": "email", "providers": ["email"]}', '{"name": "Swiggy", "role": "brand"}', NOW(), NOW(), '', '', '', ''),
('c89e9e4a-ba87-42ed-ba27-db37abea5659', '00000000-0000-0000-0000-000000000000', 'authenticated', 'authenticated', 'marketing@cred.in', crypt('1029384756', gen_salt('bf')), NOW(), '{"provider": "email", "providers": ["email"]}', '{"name": "CRED", "role": "brand"}', NOW(), NOW(), '', '', '', ''),
('76172940-d8e6-4b3c-9691-9a5f51b6e568', '00000000-0000-0000-0000-000000000000', 'authenticated', 'authenticated', 'marketing@flipkart.in', crypt('1029384756', gen_salt('bf')), NOW(), '{"provider": "email", "providers": ["email"]}', '{"name": "Flipkart", "role": "brand"}', NOW(), NOW(), '', '', '', ''),
('747259f1-d3f3-4fda-8031-639a08565a90', '00000000-0000-0000-0000-000000000000', 'authenticated', 'authenticated', 'marketing@paytm.in', crypt('1029384756', gen_salt('bf')), NOW(), '{"provider": "email", "providers": ["email"]}', '{"name": "Paytm", "role": "brand"}', NOW(), NOW(), '', '', '', ''),
('00000000-0000-0000-0000-000000000000', '00000000-0000-0000-0000-000000000000', 'authenticated', 'authenticated', 'admin@matchflow.ai', crypt('1029384756', gen_salt('bf')), NOW(), '{"provider": "email", "providers": ["email"]}', '{"name": "Matchflow Admin", "role": "admin"}', NOW(), NOW(), '', '', '', '');

INSERT INTO public.users (id, email, name, role, "profileComplete", "contactEmail", "contactPhone") VALUES
('d277ea42-a61d-4de0-b801-f4186993360b', 'ananya.sharma@creator.in', 'Ananya Sharma', 'influencer', true, 'ananya.sharma@creator.in', '9706115634'),
('8e273702-06b4-4f95-a662-cca210bfc512', 'rahul.patel@creator.in', 'Rahul Patel', 'influencer', true, 'rahul.patel@creator.in', '9625153187'),
('fce00ad6-23d6-447d-b981-c0c527a7936d', 'priya.desai@creator.in', 'Priya Desai', 'influencer', true, 'priya.desai@creator.in', '9252190441'),
('156d989f-4a44-47fd-811f-cb4f6e89939c', 'vikram.singh@creator.in', 'Vikram Singh', 'influencer', true, 'vikram.singh@creator.in', '9619179713'),
('a462a084-5436-46c3-ad30-99d17bc4b510', 'sneha.reddy@creator.in', 'Sneha Reddy', 'influencer', true, 'sneha.reddy@creator.in', '9328290686'),
('92114f0f-a5d5-4771-94b9-db1fa6e7e968', 'rohan.kapoor@creator.in', 'Rohan Kapoor', 'influencer', true, 'rohan.kapoor@creator.in', '9770583961'),
('f8c04b71-32a7-4257-9f7d-481991fc68fa', 'neha.gupta@creator.in', 'Neha Gupta', 'influencer', true, 'neha.gupta@creator.in', '9410183792'),
('0dd56f33-97de-417d-af9e-a6786be16be7', 'aditya.joshi@creator.in', 'Aditya Joshi', 'influencer', true, 'aditya.joshi@creator.in', '9534439251'),
('0ed3a895-a61b-4eca-9619-29da47d36f75', 'kavya.iyer@creator.in', 'Kavya Iyer', 'influencer', true, 'kavya.iyer@creator.in', '9577733476'),
('440e23ed-d54a-46a6-9f54-55b6e071bcf4', 'siddharth.verma@creator.in', 'Siddharth Verma', 'influencer', true, 'siddharth.verma@creator.in', '9918377372'),
('b20c5381-9e88-4bab-9155-368a43f34ae6', 'pooja.mehta@creator.in', 'Pooja Mehta', 'influencer', true, 'pooja.mehta@creator.in', '9543818049'),
('a7579551-8b7c-4c24-905a-8f17a75cfcfd', 'aryan.choudhury@creator.in', 'Aryan Choudhury', 'influencer', true, 'aryan.choudhury@creator.in', '9747391576'),
('9067c59c-5352-4e4d-8a71-f3da627d0cf9', 'riya.rao@creator.in', 'Riya Rao', 'influencer', true, 'riya.rao@creator.in', '9712834390'),
('d36d9eec-14de-4281-b84f-f6648ba5cae1', 'karan.malhotra@creator.in', 'Karan Malhotra', 'influencer', true, 'karan.malhotra@creator.in', '9766845834'),
('97213f80-f56c-4633-9388-2431da4cf789', 'meera.nair@creator.in', 'Meera Nair', 'influencer', true, 'meera.nair@creator.in', '9526977854'),
('d8aab8e8-038e-48c1-a520-3a535e38d6e7', 'yash.agarwal@creator.in', 'Yash Agarwal', 'influencer', true, 'yash.agarwal@creator.in', '9482257561'),
('a4687bf0-975a-40f2-91a3-33556e841e43', 'anjali.menon@creator.in', 'Anjali Menon', 'influencer', true, 'anjali.menon@creator.in', '9803910913'),
('65011dfd-b5c9-4488-9ab0-cbc8b80f4a79', 'dev.sharma@creator.in', 'Dev Sharma', 'influencer', true, 'dev.sharma@creator.in', '9859162416'),
('869cf921-e9ca-439e-8b6c-792f80a89070', 'ishita.bansal@creator.in', 'Ishita Bansal', 'influencer', true, 'ishita.bansal@creator.in', '9733372401'),
('9fa4ebc8-80fb-468a-95af-c3c477e403a8', 'kabir.das@creator.in', 'Kabir Das', 'influencer', true, 'kabir.das@creator.in', '9891086678'),
('32fc23b1-d322-4a30-954b-64eead82715a', 'marketing@nykaa.in', 'Nykaa', 'brand', true, 'marketing@nykaa.in', '8005304019'),
('f96d93aa-2875-4a1a-8aee-078c5e33d47c', 'marketing@zomato.in', 'Zomato', 'brand', true, 'marketing@zomato.in', '8003038233'),
('54ae562e-c0b8-412d-bf21-e2e74f6129a1', 'marketing@myntra.in', 'Myntra', 'brand', true, 'marketing@myntra.in', '8009835956'),
('9191fb88-96a1-465c-9804-00340a9b7dc8', 'marketing@lenskart.in', 'Lenskart', 'brand', true, 'marketing@lenskart.in', '8002406387'),
('a32ce795-5d2a-4ab7-aa60-2be0459207c5', 'marketing@boat.in', 'boAt', 'brand', true, 'marketing@boat.in', '8001884969'),
('23e31e9c-8d97-41b0-9110-30e0fccaf1a0', 'marketing@mamaearth.in', 'Mamaearth', 'brand', true, 'marketing@mamaearth.in', '8007458952'),
('11918cdb-14c1-4f13-b91f-e621db443fbe', 'marketing@swiggy.in', 'Swiggy', 'brand', true, 'marketing@swiggy.in', '8007060342'),
('c89e9e4a-ba87-42ed-ba27-db37abea5659', 'marketing@cred.in', 'CRED', 'brand', true, 'marketing@cred.in', '8006611527'),
('76172940-d8e6-4b3c-9691-9a5f51b6e568', 'marketing@flipkart.in', 'Flipkart', 'brand', true, 'marketing@flipkart.in', '8007519973'),
('747259f1-d3f3-4fda-8031-639a08565a90', 'marketing@paytm.in', 'Paytm', 'brand', true, 'marketing@paytm.in', '8006591666'),
('00000000-0000-0000-0000-000000000000', 'admin@matchflow.ai', 'Matchflow Admin', 'admin', true, 'admin@matchflow.ai', '0000000000');

INSERT INTO public.influencer_profiles ("userId", niches, followers, "engagementRate", bio, platforms, "contactEmail", "contactPhone", "socialLinks", "priceStory", "priceShortVideo", "priceLongVideo", "pricePost", country, state, city) VALUES
('d277ea42-a61d-4de0-b801-f4186993360b', ARRAY['Finance', 'Lifestyle'], 161064, 1.8, 'Living in Mumbai and capturing life through my cozy brown aesthetic. Fashion, filter coffee, and fun shoots!', ARRAY['Instagram', 'YouTube'], 'ananya.sharma@creator.in', '9876543210', '[{"platform": "Instagram", "url": "https://instagram.com"}]', '{"min": 161000, "max": 166000}', '{"min": 166000, "max": 176000}', '{"min": 181000, "max": 201000}', '{"min": 241500, "max": 402500}', 'India', 'Maharashtra', 'Mumbai'),
('8e273702-06b4-4f95-a662-cca210bfc512', ARRAY['Food', 'Finance'], 127395, 2.2, 'Savage gaming streams and mechanical keyboard build reels.', ARRAY['Instagram', 'YouTube'], 'rahul.patel@creator.in', '9876543210', '[{"platform": "Instagram", "url": "https://instagram.com"}]', '{"min": 127000, "max": 132000}', '{"min": 132000, "max": 142000}', '{"min": 147000, "max": 167000}', '{"min": 190500, "max": 317500}', 'India', 'Gujarat', 'Ahmedabad'),
('fce00ad6-23d6-447d-b981-c0c527a7936d', ARRAY['Fitness', 'Fashion'], 49679, 1.5, 'Pune-based food blogger finding the best misal pav and street treats. Professional glutton.', ARRAY['Instagram', 'YouTube'], 'priya.desai@creator.in', '9876543210', '[{"platform": "Instagram", "url": "https://instagram.com"}]', '{"min": 49000, "max": 54000}', '{"min": 54000, "max": 64000}', '{"min": 69000, "max": 89000}', '{"min": 73500, "max": 122500}', 'India', 'Maharashtra', 'Pune'),
('156d989f-4a44-47fd-811f-cb4f6e89939c', ARRAY['Fashion', 'Tech'], 96502, 4.0, 'Fitness coach bringing real logic to desi workouts. Stop eating boring food and get lifting.', ARRAY['Instagram', 'YouTube'], 'vikram.singh@creator.in', '9876543210', '[{"platform": "Instagram", "url": "https://instagram.com"}]', '{"min": 96000, "max": 101000}', '{"min": 101000, "max": 111000}', '{"min": 116000, "max": 136000}', '{"min": 144000, "max": 240000}', 'India', 'Delhi', 'Delhi'),
('a462a084-5436-46c3-ad30-99d17bc4b510', ARRAY['Education', 'Food'], 40843, 1.9, 'Tech reviews with no filters. Let me break down the newest gadgets hitting the Indian market.', ARRAY['Instagram', 'YouTube'], 'sneha.reddy@creator.in', '9876543210', '[{"platform": "Instagram", "url": "https://instagram.com"}]', '{"min": 40000, "max": 45000}', '{"min": 45000, "max": 55000}', '{"min": 60000, "max": 80000}', '{"min": 60000, "max": 100000}', 'India', 'Telangana', 'Hyderabad'),
('92114f0f-a5d5-4771-94b9-db1fa6e7e968', ARRAY['Travel', 'Lifestyle'], 100193, 4.4, 'Exploring northern India on a Royal Enfield. Mountains are calling.', ARRAY['Instagram', 'YouTube'], 'rohan.kapoor@creator.in', '9876543210', '[{"platform": "Instagram", "url": "https://instagram.com"}]', '{"min": 100000, "max": 105000}', '{"min": 105000, "max": 115000}', '{"min": 120000, "max": 140000}', '{"min": 150000, "max": 250000}', 'India', 'Punjab', 'Chandigarh'),
('f8c04b71-32a7-4257-9f7d-481991fc68fa', ARRAY['Lifestyle', 'Fitness'], 92025, 4.1, 'Everyday lifestyle and corporate relatable struggles. Your friendly neighborhood office survivor.', ARRAY['Instagram', 'YouTube'], 'neha.gupta@creator.in', '9876543210', '[{"platform": "Instagram", "url": "https://instagram.com"}]', '{"min": 92000, "max": 97000}', '{"min": 97000, "max": 107000}', '{"min": 112000, "max": 132000}', '{"min": 138000, "max": 230000}', 'India', 'Uttar Pradesh', 'Noida'),
('0dd56f33-97de-417d-af9e-a6786be16be7', ARRAY['Food', 'Beauty'], 101931, 4.1, 'Software dev building sick AI tools on the weekends. Welcome to my geek cave.', ARRAY['Instagram', 'YouTube'], 'aditya.joshi@creator.in', '9876543210', '[{"platform": "Instagram", "url": "https://instagram.com"}]', '{"min": 101000, "max": 106000}', '{"min": 106000, "max": 116000}', '{"min": 121000, "max": 141000}', '{"min": 151500, "max": 252500}', 'India', 'Karnataka', 'Bengaluru'),
('0ed3a895-a61b-4eca-9619-29da47d36f75', ARRAY['Education', 'Gaming'], 42338, 2.5, 'Classical dancer trying out modern fashion fusions. Minimalist aesthetic.', ARRAY['Instagram', 'YouTube'], 'kavya.iyer@creator.in', '9876543210', '[{"platform": "Instagram", "url": "https://instagram.com"}]', '{"min": 42000, "max": 47000}', '{"min": 47000, "max": 57000}', '{"min": 62000, "max": 82000}', '{"min": 63000, "max": 105000}', 'India', 'Tamil Nadu', 'Chennai'),
('440e23ed-d54a-46a6-9f54-55b6e071bcf4', ARRAY['Finance', 'Beauty'], 136120, 4.4, 'Personal finance tips for Indians in their 20s. We break down stocks, mutual funds, and FDs.', ARRAY['Instagram', 'YouTube'], 'siddharth.verma@creator.in', '9876543210', '[{"platform": "Instagram", "url": "https://instagram.com"}]', '{"min": 136000, "max": 141000}', '{"min": 141000, "max": 151000}', '{"min": 156000, "max": 176000}', '{"min": 204000, "max": 340000}', 'India', 'Haryana', 'Gurugram'),
('b20c5381-9e88-4bab-9155-368a43f34ae6', ARRAY['Finance', 'Travel'], 48007, 2.9, 'Travel blogger exploring Rajasthan’s hidden gems and royal palaces.', ARRAY['Instagram', 'YouTube'], 'pooja.mehta@creator.in', '9876543210', '[{"platform": "Instagram", "url": "https://instagram.com"}]', '{"min": 48000, "max": 53000}', '{"min": 53000, "max": 63000}', '{"min": 68000, "max": 88000}', '{"min": 72000, "max": 120000}', 'India', 'Rajasthan', 'Jaipur'),
('a7579551-8b7c-4c24-905a-8f17a75cfcfd', ARRAY['Tech', 'Fashion'], 118125, 3.9, 'Street photography all across Kolkata. Finding beauty in the chaos.', ARRAY['Instagram', 'YouTube'], 'aryan.choudhury@creator.in', '9876543210', '[{"platform": "Instagram", "url": "https://instagram.com"}]', '{"min": 118000, "max": 123000}', '{"min": 123000, "max": 133000}', '{"min": 138000, "max": 158000}', '{"min": 177000, "max": 295000}', 'India', 'West Bengal', 'Kolkata'),
('9067c59c-5352-4e4d-8a71-f3da627d0cf9', ARRAY['Fitness', 'Food'], 160815, 3.0, 'Home baker making crazy fusion desserts. Yes, there is rasmalai in that cake.', ARRAY['Instagram', 'YouTube'], 'riya.rao@creator.in', '9876543210', '[{"platform": "Instagram", "url": "https://instagram.com"}]', '{"min": 160000, "max": 165000}', '{"min": 165000, "max": 175000}', '{"min": 180000, "max": 200000}', '{"min": 240000, "max": 400000}', 'India', 'Karnataka', 'Mangaluru'),
('d36d9eec-14de-4281-b84f-f6648ba5cae1', ARRAY['Gaming', 'Beauty'], 97904, 5.4, 'Trekking guides, camping gears, and life in the cold.', ARRAY['Instagram', 'YouTube'], 'karan.malhotra@creator.in', '9876543210', '[{"platform": "Instagram", "url": "https://instagram.com"}]', '{"min": 97000, "max": 102000}', '{"min": 102000, "max": 112000}', '{"min": 117000, "max": 137000}', '{"min": 145500, "max": 242500}', 'India', 'Uttarakhand', 'Dehradun'),
('97213f80-f56c-4633-9388-2431da4cf789', ARRAY['Finance', 'Travel'], 19590, 5.0, 'Advocating for sustainable living. Zero waste lifestyle and thrifted fashion tips.', ARRAY['Instagram', 'YouTube'], 'meera.nair@creator.in', '9876543210', '[{"platform": "Instagram", "url": "https://instagram.com"}]', '{"min": 19000, "max": 24000}', '{"min": 24000, "max": 34000}', '{"min": 39000, "max": 59000}', '{"min": 28500, "max": 47500}', 'India', 'Kerala', 'Kochi'),
('d8aab8e8-038e-48c1-a520-3a535e38d6e7', ARRAY['Lifestyle', 'Gaming'], 100635, 3.1, 'Street food enthusiast mapping out the legendary food lanes of Indore.', ARRAY['Instagram', 'YouTube'], 'yash.agarwal@creator.in', '9876543210', '[{"platform": "Instagram", "url": "https://instagram.com"}]', '{"min": 100000, "max": 105000}', '{"min": 105000, "max": 115000}', '{"min": 120000, "max": 140000}', '{"min": 150000, "max": 250000}', 'India', 'Madhya Pradesh', 'Indore'),
('a4687bf0-975a-40f2-91a3-33556e841e43', ARRAY['Food', 'Tech'], 125635, 5.5, 'Booktok creator reviewing Indian authors and fantasy novels. Coffee and hardcovers.', ARRAY['Instagram', 'YouTube'], 'anjali.menon@creator.in', '9876543210', '[{"platform": "Instagram", "url": "https://instagram.com"}]', '{"min": 125000, "max": 130000}', '{"min": 130000, "max": 140000}', '{"min": 145000, "max": 165000}', '{"min": 187500, "max": 312500}', 'India', 'Karnataka', 'Bengaluru'),
('65011dfd-b5c9-4488-9ab0-cbc8b80f4a79', ARRAY['Gaming', 'Travel'], 15686, 1.9, 'Sneakerhead pulling the crispest fits. Streetwear culture is growing in India.', ARRAY['Instagram', 'YouTube'], 'dev.sharma@creator.in', '9876543210', '[{"platform": "Instagram", "url": "https://instagram.com"}]', '{"min": 15000, "max": 20000}', '{"min": 20000, "max": 30000}', '{"min": 35000, "max": 55000}', '{"min": 22500, "max": 37500}', 'India', 'Gujarat', 'Surat'),
('869cf921-e9ca-439e-8b6c-792f80a89070', ARRAY['Fashion', 'Fitness'], 153166, 2.7, 'Traditional chikankari suits to modern aesthetics. Ethnic wear styling.', ARRAY['Instagram', 'YouTube'], 'ishita.bansal@creator.in', '9876543210', '[{"platform": "Instagram", "url": "https://instagram.com"}]', '{"min": 153000, "max": 158000}', '{"min": 158000, "max": 168000}', '{"min": 173000, "max": 193000}', '{"min": 229500, "max": 382500}', 'India', 'Uttar Pradesh', 'Lucknow'),
('9fa4ebc8-80fb-468a-95af-c3c477e403a8', ARRAY['Finance', 'Travel'], 125741, 2.7, 'Men’s grooming, classic watches, and gentlemen advice. Keep it classy.', ARRAY['Instagram', 'YouTube'], 'kabir.das@creator.in', '9876543210', '[{"platform": "Instagram", "url": "https://instagram.com"}]', '{"min": 125000, "max": 130000}', '{"min": 130000, "max": 140000}', '{"min": 145000, "max": 165000}', '{"min": 187500, "max": 312500}', 'India', 'Madhya Pradesh', 'Bhopal');

INSERT INTO public.campaigns (id, "brandId", "brandName", title, description, budget, category, deliverables, status, "contactEmail", "contactPhone", "productLink", country, state, city) VALUES
('77b37ed2-aaee-49ec-bb2a-5046317d0369', '32fc23b1-d322-4a30-954b-64eead82715a', 'Nykaa', 'Nykaa Mega Campaign', 'Nykaa is looking for fresh faces to review our upcoming festive glow collection.', 135147, 'Beauty', ARRAY['1 Reel', '2 Stories'], 'active', 'marketing@nykaa.in', '8765432109', 'https://nykaa.in/shop', 'India', 'Maharashtra', 'Mumbai'),
('c29aa3a6-87ef-4ca5-8749-22a794da4d67', 'f96d93aa-2875-4a1a-8aee-078c5e33d47c', 'Zomato', 'Zomato Mega Campaign', 'Can you eat an entire giant thali? Take the Zomato Weekend Challenge live.', 107241, 'Food', ARRAY['1 Reel', '2 Stories'], 'active', 'marketing@zomato.in', '8765432109', 'https://zomato.in/shop', 'India', 'Gujarat', 'Ahmedabad'),
('def6dd43-9ad7-42f3-b4c0-bee89e3cef8a', '54ae562e-c0b8-412d-bf21-e2e74f6129a1', 'Myntra', 'Myntra Mega Campaign', 'Show off your best summer haul with Myntra Studio edits.', 218339, 'Fashion', ARRAY['1 Reel', '2 Stories'], 'active', 'marketing@myntra.in', '8765432109', 'https://myntra.in/shop', 'India', 'Maharashtra', 'Pune'),
('ce0a2033-771e-419d-a856-a625f3e43eba', '9191fb88-96a1-465c-9804-00340a9b7dc8', 'Lenskart', 'Lenskart Mega Campaign', 'Trying on 5 weird glasses styles so you do not have to. Need energetic creators.', 146909, 'Lifestyle', ARRAY['1 Reel', '2 Stories'], 'active', 'marketing@lenskart.in', '8765432109', 'https://lenskart.in/shop', 'India', 'Delhi', 'Delhi'),
('d56a6617-3aec-429e-ad30-c9c84811f58c', 'a32ce795-5d2a-4ab7-aa60-2be0459207c5', 'boAt', 'boAt Mega Campaign', 'Ultimate Bass Head Challenge. Let’s see your reaction to our newest Airdopes.', 137580, 'Tech', ARRAY['1 Reel', '2 Stories'], 'active', 'marketing@boat.in', '8765432109', 'https://boat.in/shop', 'India', 'Telangana', 'Hyderabad'),
('b6e966a4-1428-437a-a7a7-64c5969b6924', '23e31e9c-8d97-41b0-9110-30e0fccaf1a0', 'Mamaearth', 'Mamaearth Mega Campaign', 'Chemical free living. Show us your night time skincare routine featuring Mamaearth.', 153899, 'Beauty', ARRAY['1 Reel', '2 Stories'], 'active', 'marketing@mamaearth.in', '8765432109', 'https://mamaearth.in/shop', 'India', 'Punjab', 'Chandigarh'),
('a1cab48b-5a06-47fa-8f24-136dea9e6ca1', '11918cdb-14c1-4f13-b91f-e621db443fbe', 'Swiggy', 'Swiggy Mega Campaign', 'Swiggy Instamart inside 10 minutes. How fast can you unpack a grocery run?', 203256, 'Food', ARRAY['1 Reel', '2 Stories'], 'active', 'marketing@swiggy.in', '8765432109', 'https://swiggy.in/shop', 'India', 'Uttar Pradesh', 'Noida'),
('dcf703c6-dd2e-4852-a974-f13812b8599b', 'c89e9e4a-ba87-42ed-ba27-db37abea5659', 'CRED', 'CRED Mega Campaign', 'Pay smart, live large. Explain the benefit of CRED coins to GenZ audiences.', 101536, 'Finance', ARRAY['1 Reel', '2 Stories'], 'active', 'marketing@cred.in', '8765432109', 'https://cred.in/shop', 'India', 'Karnataka', 'Bengaluru'),
('61d4cca9-2876-43e5-9e01-177201f0f436', '76172940-d8e6-4b3c-9691-9a5f51b6e568', 'Flipkart', 'Flipkart Mega Campaign', 'Big Billion Days Sneak Peek. Build hype for the biggest sale of the year.', 137322, 'Fashion', ARRAY['1 Reel', '2 Stories'], 'active', 'marketing@flipkart.in', '8765432109', 'https://flipkart.in/shop', 'India', 'Tamil Nadu', 'Chennai'),
('24702828-8a42-46b3-9e40-bf5c2f9e62cb', '747259f1-d3f3-4fda-8031-639a08565a90', 'Paytm', 'Paytm Mega Campaign', 'Cashless campus life. How students are surviving entirely on UPI.', 119613, 'Finance', ARRAY['1 Reel', '2 Stories'], 'active', 'marketing@paytm.in', '8765432109', 'https://paytm.in/shop', 'India', 'Haryana', 'Gurugram'),
('a515bf7b-2c6e-4af0-bfba-ea361853d978', '32fc23b1-d322-4a30-954b-64eead82715a', 'Nykaa', 'Nykaa Phase 2 Campaign', 'Nykaa is looking for fresh faces to review our upcoming festive glow collection.', 135674, 'Beauty', ARRAY['1 Reel', '2 Stories'], 'active', 'marketing@nykaa.in', '8765432109', 'https://nykaa.in/shop', 'India', 'Rajasthan', 'Jaipur'),
('2e3c7972-713c-4c5f-89b9-ba6fdbb82171', 'f96d93aa-2875-4a1a-8aee-078c5e33d47c', 'Zomato', 'Zomato Phase 2 Campaign', 'Can you eat an entire giant thali? Take the Zomato Weekend Challenge live.', 106009, 'Food', ARRAY['1 Reel', '2 Stories'], 'active', 'marketing@zomato.in', '8765432109', 'https://zomato.in/shop', 'India', 'West Bengal', 'Kolkata'),
('5a37c6e4-c509-444e-b8bf-c49a97f5bf13', '54ae562e-c0b8-412d-bf21-e2e74f6129a1', 'Myntra', 'Myntra Phase 2 Campaign', 'Show off your best summer haul with Myntra Studio edits.', 109809, 'Fashion', ARRAY['1 Reel', '2 Stories'], 'active', 'marketing@myntra.in', '8765432109', 'https://myntra.in/shop', 'India', 'Karnataka', 'Mangaluru'),
('e818a764-edc0-4fcb-b3a5-c7ab39fba875', '9191fb88-96a1-465c-9804-00340a9b7dc8', 'Lenskart', 'Lenskart Phase 2 Campaign', 'Trying on 5 weird glasses styles so you do not have to. Need energetic creators.', 149602, 'Lifestyle', ARRAY['1 Reel', '2 Stories'], 'active', 'marketing@lenskart.in', '8765432109', 'https://lenskart.in/shop', 'India', 'Uttarakhand', 'Dehradun'),
('1005a20e-9cb7-4ba2-9816-d840de1072a2', 'a32ce795-5d2a-4ab7-aa60-2be0459207c5', 'boAt', 'boAt Phase 2 Campaign', 'Ultimate Bass Head Challenge. Let’s see your reaction to our newest Airdopes.', 207316, 'Tech', ARRAY['1 Reel', '2 Stories'], 'active', 'marketing@boat.in', '8765432109', 'https://boat.in/shop', 'India', 'Kerala', 'Kochi');

INSERT INTO public.deals (id, "influencerId", "influencerName", "brandId", "brandName", "campaignId", "campaignTitle", status, amount, terms) VALUES
('6806adce-5068-42ff-a7a2-35c57866dbc4', 'd277ea42-a61d-4de0-b801-f4186993360b', 'Ananya Sharma', '32fc23b1-d322-4a30-954b-64eead82715a', 'Nykaa', '77b37ed2-aaee-49ec-bb2a-5046317d0369', 'Nykaa Mega Campaign', 'requested', 39609, '{"deliverables": ["1 Reel", "2 Stories"]}'),
('5329f8ba-3087-4678-b9b5-f26d5857b586', '8e273702-06b4-4f95-a662-cca210bfc512', 'Rahul Patel', 'f96d93aa-2875-4a1a-8aee-078c5e33d47c', 'Zomato', 'c29aa3a6-87ef-4ca5-8749-22a794da4d67', 'Zomato Mega Campaign', 'negotiating', 14874, '{"deliverables": ["1 Reel", "2 Stories"]}'),
('371ebc00-daeb-48d8-9b6f-d34aed321168', 'fce00ad6-23d6-447d-b981-c0c527a7936d', 'Priya Desai', '54ae562e-c0b8-412d-bf21-e2e74f6129a1', 'Myntra', 'def6dd43-9ad7-42f3-b4c0-bee89e3cef8a', 'Myntra Mega Campaign', 'locked', 34793, '{"deliverables": ["1 Reel", "2 Stories"]}'),
('3b87b938-445d-4db6-883e-2236d6479b86', '156d989f-4a44-47fd-811f-cb4f6e89939c', 'Vikram Singh', '9191fb88-96a1-465c-9804-00340a9b7dc8', 'Lenskart', 'ce0a2033-771e-419d-a856-a625f3e43eba', 'Lenskart Mega Campaign', 'approved', 12242, '{"deliverables": ["1 Reel", "2 Stories"]}'),
('9748fbfb-acfe-4e6f-9a7c-2dd06c3d62ea', 'a462a084-5436-46c3-ad30-99d17bc4b510', 'Sneha Reddy', 'a32ce795-5d2a-4ab7-aa60-2be0459207c5', 'boAt', 'd56a6617-3aec-429e-ad30-c9c84811f58c', 'boAt Mega Campaign', 'rejected', 35432, '{"deliverables": ["1 Reel", "2 Stories"]}'),
('78987e7e-99b0-4e40-a937-83b8d909454a', '92114f0f-a5d5-4771-94b9-db1fa6e7e968', 'Rohan Kapoor', '23e31e9c-8d97-41b0-9110-30e0fccaf1a0', 'Mamaearth', 'b6e966a4-1428-437a-a7a7-64c5969b6924', 'Mamaearth Mega Campaign', 'requested', 33305, '{"deliverables": ["1 Reel", "2 Stories"]}'),
('2154ead5-6961-49c4-af85-8655c4f48d1a', 'f8c04b71-32a7-4257-9f7d-481991fc68fa', 'Neha Gupta', '11918cdb-14c1-4f13-b91f-e621db443fbe', 'Swiggy', 'a1cab48b-5a06-47fa-8f24-136dea9e6ca1', 'Swiggy Mega Campaign', 'negotiating', 37599, '{"deliverables": ["1 Reel", "2 Stories"]}'),
('0e6a9ba9-e4fd-446a-b24b-f3b62184f362', '0dd56f33-97de-417d-af9e-a6786be16be7', 'Aditya Joshi', 'c89e9e4a-ba87-42ed-ba27-db37abea5659', 'CRED', 'dcf703c6-dd2e-4852-a974-f13812b8599b', 'CRED Mega Campaign', 'locked', 36118, '{"deliverables": ["1 Reel", "2 Stories"]}'),
('acf0fe34-2d88-4ccd-9855-7e11de482c7a', '0ed3a895-a61b-4eca-9619-29da47d36f75', 'Kavya Iyer', '76172940-d8e6-4b3c-9691-9a5f51b6e568', 'Flipkart', '61d4cca9-2876-43e5-9e01-177201f0f436', 'Flipkart Mega Campaign', 'approved', 16405, '{"deliverables": ["1 Reel", "2 Stories"]}'),
('9cf18509-5a98-44d5-a357-d6639a0b62fa', '440e23ed-d54a-46a6-9f54-55b6e071bcf4', 'Siddharth Verma', '747259f1-d3f3-4fda-8031-639a08565a90', 'Paytm', '24702828-8a42-46b3-9e40-bf5c2f9e62cb', 'Paytm Mega Campaign', 'rejected', 13404, '{"deliverables": ["1 Reel", "2 Stories"]}'),
('e4fe4dc7-6576-4042-b275-02c2302c0aad', 'b20c5381-9e88-4bab-9155-368a43f34ae6', 'Pooja Mehta', '32fc23b1-d322-4a30-954b-64eead82715a', 'Nykaa', 'a515bf7b-2c6e-4af0-bfba-ea361853d978', 'Nykaa Phase 2 Campaign', 'requested', 44562, '{"deliverables": ["1 Reel", "2 Stories"]}'),
('4788b676-50cd-4ff3-ab7c-d5482d614c59', 'a7579551-8b7c-4c24-905a-8f17a75cfcfd', 'Aryan Choudhury', 'f96d93aa-2875-4a1a-8aee-078c5e33d47c', 'Zomato', '2e3c7972-713c-4c5f-89b9-ba6fdbb82171', 'Zomato Phase 2 Campaign', 'negotiating', 29512, '{"deliverables": ["1 Reel", "2 Stories"]}'),
('b24c3a48-d7f5-4315-b085-7872e15ab527', '9067c59c-5352-4e4d-8a71-f3da627d0cf9', 'Riya Rao', '54ae562e-c0b8-412d-bf21-e2e74f6129a1', 'Myntra', '5a37c6e4-c509-444e-b8bf-c49a97f5bf13', 'Myntra Phase 2 Campaign', 'locked', 23863, '{"deliverables": ["1 Reel", "2 Stories"]}'),
('6ef3e2be-17e8-4d79-80d1-43b8a958ce24', 'd36d9eec-14de-4281-b84f-f6648ba5cae1', 'Karan Malhotra', '9191fb88-96a1-465c-9804-00340a9b7dc8', 'Lenskart', 'e818a764-edc0-4fcb-b3a5-c7ab39fba875', 'Lenskart Phase 2 Campaign', 'approved', 13927, '{"deliverables": ["1 Reel", "2 Stories"]}'),
('e64fda4a-7fe9-498a-823a-47db680f76cb', '97213f80-f56c-4633-9388-2431da4cf789', 'Meera Nair', 'a32ce795-5d2a-4ab7-aa60-2be0459207c5', 'boAt', '1005a20e-9cb7-4ba2-9816-d840de1072a2', 'boAt Phase 2 Campaign', 'rejected', 15889, '{"deliverables": ["1 Reel", "2 Stories"]}'),
('00937566-b193-410c-8687-b866777c3170', 'd8aab8e8-038e-48c1-a520-3a535e38d6e7', 'Yash Agarwal', '32fc23b1-d322-4a30-954b-64eead82715a', 'Nykaa', '77b37ed2-aaee-49ec-bb2a-5046317d0369', 'Nykaa Mega Campaign', 'requested', 25076, '{"deliverables": ["1 Reel", "2 Stories"]}'),
('87414237-ad82-4ea9-9f5c-6c36d39d94e3', 'a4687bf0-975a-40f2-91a3-33556e841e43', 'Anjali Menon', 'f96d93aa-2875-4a1a-8aee-078c5e33d47c', 'Zomato', 'c29aa3a6-87ef-4ca5-8749-22a794da4d67', 'Zomato Mega Campaign', 'negotiating', 30941, '{"deliverables": ["1 Reel", "2 Stories"]}'),
('25f11f53-8276-482d-9a7e-a39ad716f083', '65011dfd-b5c9-4488-9ab0-cbc8b80f4a79', 'Dev Sharma', '54ae562e-c0b8-412d-bf21-e2e74f6129a1', 'Myntra', 'def6dd43-9ad7-42f3-b4c0-bee89e3cef8a', 'Myntra Mega Campaign', 'locked', 46799, '{"deliverables": ["1 Reel", "2 Stories"]}'),
('0a486b67-9de6-4fa9-9265-863e6c01b45f', '869cf921-e9ca-439e-8b6c-792f80a89070', 'Ishita Bansal', '9191fb88-96a1-465c-9804-00340a9b7dc8', 'Lenskart', 'ce0a2033-771e-419d-a856-a625f3e43eba', 'Lenskart Mega Campaign', 'approved', 38259, '{"deliverables": ["1 Reel", "2 Stories"]}'),
('5f4e8765-ddb9-44bf-93e0-fd96c0cc1f7c', '9fa4ebc8-80fb-468a-95af-c3c477e403a8', 'Kabir Das', 'a32ce795-5d2a-4ab7-aa60-2be0459207c5', 'boAt', 'd56a6617-3aec-429e-ad30-c9c84811f58c', 'boAt Mega Campaign', 'rejected', 12405, '{"deliverables": ["1 Reel", "2 Stories"]}'),
('cf248054-9d47-4a5f-bda6-48b5092bbc85', 'd277ea42-a61d-4de0-b801-f4186993360b', 'Ananya Sharma', '23e31e9c-8d97-41b0-9110-30e0fccaf1a0', 'Mamaearth', 'b6e966a4-1428-437a-a7a7-64c5969b6924', 'Mamaearth Mega Campaign', 'requested', 31285, '{"deliverables": ["1 Reel", "2 Stories"]}'),
('dd26a392-12b2-4d54-8577-d7a0c9503cd5', '8e273702-06b4-4f95-a662-cca210bfc512', 'Rahul Patel', '11918cdb-14c1-4f13-b91f-e621db443fbe', 'Swiggy', 'a1cab48b-5a06-47fa-8f24-136dea9e6ca1', 'Swiggy Mega Campaign', 'negotiating', 24797, '{"deliverables": ["1 Reel", "2 Stories"]}'),
('aa91ac97-19e0-497b-b465-c21dab27e63d', 'fce00ad6-23d6-447d-b981-c0c527a7936d', 'Priya Desai', 'c89e9e4a-ba87-42ed-ba27-db37abea5659', 'CRED', 'dcf703c6-dd2e-4852-a974-f13812b8599b', 'CRED Mega Campaign', 'locked', 28772, '{"deliverables": ["1 Reel", "2 Stories"]}'),
('7d35a9bf-1136-4548-82b4-df80591fcb14', '156d989f-4a44-47fd-811f-cb4f6e89939c', 'Vikram Singh', '76172940-d8e6-4b3c-9691-9a5f51b6e568', 'Flipkart', '61d4cca9-2876-43e5-9e01-177201f0f436', 'Flipkart Mega Campaign', 'approved', 25347, '{"deliverables": ["1 Reel", "2 Stories"]}'),
('ed66111e-18a8-4b97-8704-380087af1e0a', 'a462a084-5436-46c3-ad30-99d17bc4b510', 'Sneha Reddy', '747259f1-d3f3-4fda-8031-639a08565a90', 'Paytm', '24702828-8a42-46b3-9e40-bf5c2f9e62cb', 'Paytm Mega Campaign', 'rejected', 27356, '{"deliverables": ["1 Reel", "2 Stories"]}');

INSERT INTO public.notifications (id, message, read, "createdAt", "userId") VALUES
('925d721b-ba19-4f3a-b7d2-21c5cb34e091', 'New deal update: requested for Nykaa Mega Campaign', false, NOW(), 'd277ea42-a61d-4de0-b801-f4186993360b'),
('1e12e166-0229-4ec8-adb3-7472f9e85c8f', 'Deal status changed to requested with Ananya Sharma', false, NOW(), '32fc23b1-d322-4a30-954b-64eead82715a'),
('60b6e196-2f8d-49fe-880e-8c39906485dd', 'New deal update: negotiating for Zomato Mega Campaign', false, NOW(), '8e273702-06b4-4f95-a662-cca210bfc512'),
('40ed6e40-4815-45fc-838c-4f9942f66e1f', 'Deal status changed to negotiating with Rahul Patel', false, NOW(), 'f96d93aa-2875-4a1a-8aee-078c5e33d47c'),
('2ce041b8-2779-4d86-83c4-c34fed2058c3', 'New deal update: locked for Myntra Mega Campaign', false, NOW(), 'fce00ad6-23d6-447d-b981-c0c527a7936d'),
('bbf38e57-6379-466c-aabc-b9aeac0246b3', 'Deal status changed to locked with Priya Desai', false, NOW(), '54ae562e-c0b8-412d-bf21-e2e74f6129a1'),
('dd44b19b-a6e4-4e4f-8cd8-e17d0d3a631e', 'New deal update: approved for Lenskart Mega Campaign', false, NOW(), '156d989f-4a44-47fd-811f-cb4f6e89939c'),
('27e1935b-9cae-4b91-b244-792fb0d99934', 'Deal status changed to approved with Vikram Singh', false, NOW(), '9191fb88-96a1-465c-9804-00340a9b7dc8'),
('6d3b914b-e449-4e54-a7cc-1151ddbdde1c', 'New deal update: rejected for boAt Mega Campaign', false, NOW(), 'a462a084-5436-46c3-ad30-99d17bc4b510'),
('71114f30-4705-423d-93c1-e7e87c1504db', 'Deal status changed to rejected with Sneha Reddy', false, NOW(), 'a32ce795-5d2a-4ab7-aa60-2be0459207c5'),
('7baf2adf-312e-41ec-9fdc-fdd7ecbd162a', 'New deal update: requested for Mamaearth Mega Campaign', false, NOW(), '92114f0f-a5d5-4771-94b9-db1fa6e7e968'),
('20d9c828-fc91-4639-9247-3b07b9cc09fb', 'Deal status changed to requested with Rohan Kapoor', false, NOW(), '23e31e9c-8d97-41b0-9110-30e0fccaf1a0'),
('977aa26b-0ae4-4b37-9c4c-cf7d73d0b90f', 'New deal update: negotiating for Swiggy Mega Campaign', false, NOW(), 'f8c04b71-32a7-4257-9f7d-481991fc68fa'),
('84deac47-7c98-4590-af26-931e28370e64', 'Deal status changed to negotiating with Neha Gupta', false, NOW(), '11918cdb-14c1-4f13-b91f-e621db443fbe'),
('038eb758-b842-4254-a1ff-d6eaf63e2a48', 'New deal update: locked for CRED Mega Campaign', false, NOW(), '0dd56f33-97de-417d-af9e-a6786be16be7'),
('dfdec28c-6145-4908-8cef-24a6ec9cbdef', 'Deal status changed to locked with Aditya Joshi', false, NOW(), 'c89e9e4a-ba87-42ed-ba27-db37abea5659'),
('8ded4e3c-d905-4771-8348-10ced602b1a2', 'New deal update: approved for Flipkart Mega Campaign', false, NOW(), '0ed3a895-a61b-4eca-9619-29da47d36f75'),
('b041b9ec-055c-4a8d-a041-307ed1c60099', 'Deal status changed to approved with Kavya Iyer', false, NOW(), '76172940-d8e6-4b3c-9691-9a5f51b6e568'),
('fc10ae4b-f17f-44f3-97e0-d792f8fb7677', 'New deal update: rejected for Paytm Mega Campaign', false, NOW(), '440e23ed-d54a-46a6-9f54-55b6e071bcf4'),
('d31eed85-43b5-47ff-a0fa-688f9b0b2ed5', 'Deal status changed to rejected with Siddharth Verma', false, NOW(), '747259f1-d3f3-4fda-8031-639a08565a90'),
('7bb376b3-6aaa-43a1-825c-e9089e078d2f', 'New deal update: requested for Nykaa Phase 2 Campaign', false, NOW(), 'b20c5381-9e88-4bab-9155-368a43f34ae6'),
('2a2f66bd-905f-44a8-93de-b21349a6384a', 'Deal status changed to requested with Pooja Mehta', false, NOW(), '32fc23b1-d322-4a30-954b-64eead82715a'),
('9e075524-eb07-4659-bca6-9d19261737a8', 'New deal update: negotiating for Zomato Phase 2 Campaign', false, NOW(), 'a7579551-8b7c-4c24-905a-8f17a75cfcfd'),
('7135002b-2330-4b97-8d61-6946ce15a4ac', 'Deal status changed to negotiating with Aryan Choudhury', false, NOW(), 'f96d93aa-2875-4a1a-8aee-078c5e33d47c'),
('537fe86d-76b9-4648-8058-9306a853952b', 'New deal update: locked for Myntra Phase 2 Campaign', false, NOW(), '9067c59c-5352-4e4d-8a71-f3da627d0cf9'),
('9e13e1e9-fc09-4454-a7aa-150c1b71fb6c', 'Deal status changed to locked with Riya Rao', false, NOW(), '54ae562e-c0b8-412d-bf21-e2e74f6129a1'),
('773d5188-6c65-45fc-892d-4d601b5909f2', 'New deal update: approved for Lenskart Phase 2 Campaign', false, NOW(), 'd36d9eec-14de-4281-b84f-f6648ba5cae1'),
('b1afe1a6-6666-4c69-a087-dca09732c6aa', 'Deal status changed to approved with Karan Malhotra', false, NOW(), '9191fb88-96a1-465c-9804-00340a9b7dc8'),
('fe8cf2c3-a3f4-438e-b989-056844b6e88a', 'New deal update: rejected for boAt Phase 2 Campaign', false, NOW(), '97213f80-f56c-4633-9388-2431da4cf789'),
('ef9cc171-c67c-46ae-907d-bd47d0f6ca26', 'Deal status changed to rejected with Meera Nair', false, NOW(), 'a32ce795-5d2a-4ab7-aa60-2be0459207c5'),
('908e14f4-eaa0-4c16-b95a-c8c7b803b6a5', 'New deal update: requested for Nykaa Mega Campaign', false, NOW(), 'd8aab8e8-038e-48c1-a520-3a535e38d6e7'),
('94ee5779-5723-4cdd-a7a0-736221c2cf8d', 'Deal status changed to requested with Yash Agarwal', false, NOW(), '32fc23b1-d322-4a30-954b-64eead82715a'),
('6d8b363d-d9cf-4772-a999-08c3a95bb541', 'New deal update: negotiating for Zomato Mega Campaign', false, NOW(), 'a4687bf0-975a-40f2-91a3-33556e841e43'),
('e6e844ed-9366-482b-afc6-f464231cb58c', 'Deal status changed to negotiating with Anjali Menon', false, NOW(), 'f96d93aa-2875-4a1a-8aee-078c5e33d47c'),
('a7ba4dcf-e57e-4fdf-8514-144c805c7ee2', 'New deal update: locked for Myntra Mega Campaign', false, NOW(), '65011dfd-b5c9-4488-9ab0-cbc8b80f4a79'),
('3899122f-6e54-4dcc-b9c8-61b4e260386c', 'Deal status changed to locked with Dev Sharma', false, NOW(), '54ae562e-c0b8-412d-bf21-e2e74f6129a1'),
('bc910af4-2ee2-426b-add3-b1032a053519', 'New deal update: approved for Lenskart Mega Campaign', false, NOW(), '869cf921-e9ca-439e-8b6c-792f80a89070'),
('21f1e5a3-a824-4449-811c-f456b80adcc1', 'Deal status changed to approved with Ishita Bansal', false, NOW(), '9191fb88-96a1-465c-9804-00340a9b7dc8'),
('eaf6c67c-58d6-4330-a052-793cd1b53320', 'New deal update: rejected for boAt Mega Campaign', false, NOW(), '9fa4ebc8-80fb-468a-95af-c3c477e403a8'),
('4a2a28bc-df29-44df-8922-932a02d577c1', 'Deal status changed to rejected with Kabir Das', false, NOW(), 'a32ce795-5d2a-4ab7-aa60-2be0459207c5'),
('57fcf36e-4b15-4468-8722-fba4be432f7d', 'New deal update: requested for Mamaearth Mega Campaign', false, NOW(), 'd277ea42-a61d-4de0-b801-f4186993360b'),
('18cb56cd-5d12-4cfb-bad8-43ed619a7bfa', 'Deal status changed to requested with Ananya Sharma', false, NOW(), '23e31e9c-8d97-41b0-9110-30e0fccaf1a0'),
('0160a40c-45ae-4dba-85d9-ef435ee194db', 'New deal update: negotiating for Swiggy Mega Campaign', false, NOW(), '8e273702-06b4-4f95-a662-cca210bfc512'),
('85a7443f-52ee-4444-abae-60cf2bad861e', 'Deal status changed to negotiating with Rahul Patel', false, NOW(), '11918cdb-14c1-4f13-b91f-e621db443fbe'),
('c131cc8d-543d-4bc0-a7d9-8686cc35e1f8', 'New deal update: locked for CRED Mega Campaign', false, NOW(), 'fce00ad6-23d6-447d-b981-c0c527a7936d'),
('6b9aaec5-5ec8-42a9-b005-878ce3689a60', 'Deal status changed to locked with Priya Desai', false, NOW(), 'c89e9e4a-ba87-42ed-ba27-db37abea5659'),
('68ddc7ab-98c5-46b6-a0ec-eec6da0afbc0', 'New deal update: approved for Flipkart Mega Campaign', false, NOW(), '156d989f-4a44-47fd-811f-cb4f6e89939c'),
('af7f3d66-54eb-4ec9-8abf-05dfd2e9ec9e', 'Deal status changed to approved with Vikram Singh', false, NOW(), '76172940-d8e6-4b3c-9691-9a5f51b6e568'),
('73219975-241e-4fdf-a011-01a4338a1bbd', 'New deal update: rejected for Paytm Mega Campaign', false, NOW(), 'a462a084-5436-46c3-ad30-99d17bc4b510'),
('f77170e0-fdb7-4b32-8b45-912d195c2d9e', 'Deal status changed to rejected with Sneha Reddy', false, NOW(), '747259f1-d3f3-4fda-8031-639a08565a90');

